INSERT INTO Platform (idPlatform, namePlatform) VALUES (0,'Playstation');
INSERT INTO Platform (idPlatform, namePlatform) VALUES (1,'Xbox');
INSERT INTO Platform (idPlatform, namePlatform) VALUES (2,'PC');
INSERT INTO User (username, pass, roleUser) VALUES ('admin','$2y$10$fW6gRHVu1L///UhHs0lGXe9uIHtHFAADntGO0kgU0HVa11hLDKSOG','admin');
INSERT INTO User (username, pass, roleUser) VALUES ('nomUtilisateur','$2y$10$OsCALpSrG72v3W74nAYT6.GUAOvX8eEiyiFQLvUZup561qUYtpwUK','user');
INSERT INTO User (username, pass, roleUser) VALUES ('nomUtilisateur2','$2y$10$yFgHkW.3KD2AF5SoF.1jkemULhADxEDxurUlbLs896cZRZTPgZC0. ','user');
INSERT INTO User (username, pass, roleUser) VALUES ('nomUtilisateur3','$2y$10$wzhS4rj9olbhTMu4gaU/TO4tngyhNizJIoJLNWvNEMiMhl0i9wCVC','user');
INSERT INTO Game (idGame, nameGame) VALUES (1,"Assassin's Creed : Valhalla");
INSERT INTO IsInPlatform (idGame, idPlatform, price, stock, imageURL) VALUES (1,0,40,45,"img/playstation/acValhalla.jpg");
INSERT INTO Game (idGame, nameGame) VALUES (2,"Call of Duty : Cold War");
INSERT INTO IsInPlatform (idGame, idPlatform, price, stock, imageURL) VALUES (2,0,65,9,"img/playstation/codColdWar.jpg");
INSERT INTO Game (idGame, nameGame) VALUES (3,"Cyberpunk 2077");
INSERT INTO IsInPlatform (idGame, idPlatform, price, stock, imageURL) VALUES (3,0,50,15,"img/playstation/cyberpunk2077.jpg");
INSERT INTO Game (idGame, nameGame) VALUES (4,"FIFA 21");
INSERT INTO IsInPlatform (idGame, idPlatform, price, stock, imageURL) VALUES (4,0,70,11,"img/playstation/fifa21.jpg");
INSERT INTO Game (idGame, nameGame) VALUES (5,"Fortnite");
INSERT INTO IsInPlatform (idGame, idPlatform, price, stock, imageURL) VALUES (5,0,0,1000,"img/playstation/fortnite.jpg");
INSERT INTO Game (idGame, nameGame) VALUES (6,"Minecraft");
INSERT INTO IsInPlatform (idGame, idPlatform, price, stock, imageURL) VALUES (6,0,25,45,"img/playstation/minecraft.jpg");
INSERT INTO Game (idGame, nameGame) VALUES (7,"Marvel's Spider-Man");
INSERT INTO IsInPlatform (idGame, idPlatform, price, stock, imageURL) VALUES (7,0,40,8,"img/playstation/spiderman.jpg");
INSERT INTO IsInPlatform (idGame, idPlatform, price, stock, imageURL) VALUES (1,1,50,7,"img/xbox/acValhalla.jpg");
INSERT INTO Game (idGame, nameGame) VALUES (8,"Civilization VI");
INSERT INTO IsInPlatform (idGame, idPlatform, price, stock, imageURL) VALUES (8,1,15,11,"img/xbox/civ6.jpg");
INSERT INTO Game (idGame, nameGame) VALUES (9,"Fallout 4");
INSERT INTO IsInPlatform (idGame, idPlatform, price, stock, imageURL) VALUES (9,1,30,74,"img/xbox/fallout4.jpg");
INSERT INTO IsInPlatform (idGame, idPlatform, price, stock, imageURL) VALUES (4,1,70,4,"img/xbox/fifa21.jpg");
INSERT INTO Game (idGame, nameGame) VALUES (10,"NBA 2K21");
INSERT INTO IsInPlatform (idGame, idPlatform, price, stock, imageURL) VALUES (10,1,70,14,"img/xbox/nba2k21.jpg");
INSERT INTO IsInPlatform (idGame, idPlatform, price, stock, imageURL) VALUES (8,2,12,8,"img/pc/civ6.jpg");
INSERT INTO Game (idGame, nameGame) VALUES (11,"Counter Strike Global Offensive");
INSERT INTO IsInPlatform (idGame, idPlatform, price, stock, imageURL) VALUES (11,2,5,7,"img/pc/csgo.jpg");
INSERT INTO IsInPlatform (idGame, idPlatform, price, stock, imageURL) VALUES (5,2,0,1000,"img/pc/fortnite.jpg");
INSERT INTO IsInPlatform (idGame, idPlatform, price, stock, imageURL) VALUES (6,2,20,8,"img/pc/minecraft.jpg");
INSERT INTO Game (idGame, nameGame) VALUES (12,"Rocket League");
INSERT INTO IsInPlatform (idGame, idPlatform, price, stock, imageURL) VALUES (12,2,25,12,"img/pc/rocketLeague.jpg");
